X,Y,Por,Perm,AI,Facies,PermPor
180.0,769.0,13.77094885240344,446.43667673268135,3445.418689977619,1.0,32.41873029357486
530.0,259.0,13.97427006160839,216.5939477645153,3159.935062696639,1.0,15.499482034454548
470.0,139.0,6.031126716914188,0.0,5799.299876724604,0.0,0.0
250.0,179.0,5.158305393701679,129.28548500726228,5656.422331971113,0.0,25.063557726752787
960.0,169.0,5.553231872955199,370.1913415332488,6354.2351203265125,0.0,66.66232385075043
425.0,375.0,18.142263802243527,430.9173801180857,2899.026746796894,1.0,23.75212844522728
880.0,559.0,16.67479007690615,641.4362490726728,2870.12973261869,1.0,38.467425743550066
990.0,339.0,13.161599787813184,299.837191631608,3105.150932162617,1.0,22.78121174214995
700.0,669.0,22.301413222856475,757.9801235073157,2610.12885454258,1.0,33.98798613939274
630.0,329.0,16.115708249603554,469.15325721092455,2893.291159558973,1.0,29.11155066501441
680.0,399.0,7.17358808331571,682.5886373941696,5842.479442876306,0.0,95.15302934409216
900.0,309.0,13.420124716580316,360.6203791881113,3071.5161412875345,1.0,26.871611613457773
0.0,429.0,11.271423848727332,515.959350643579,3454.3444026122625,1.0,45.77588045381121
410.0,619.0,6.508427822805484,308.5717127141924,5937.104903994068,0.0,47.41109851951639
460.0,989.0,5.910464617515856,0.0,5485.237443776625,0.0,0.0
375.0,225.0,17.13916181879612,719.9821459901965,2920.387338966593,1.0,42.00801378750091
675.0,725.0,21.722862414991862,780.16769441875,2611.590530149186,1.0,35.91458986916583
760.0,579.0,20.70636183798369,437.43960659401074,2783.7437748199677,1.0,21.1258554263054
950.0,899.0,5.126775597649786,0.0,5865.725827140466,0.0,0.0
660.0,659.0,21.19748665762483,1253.4370080550882,2717.9455700677595,1.0,59.131397429337284
10.0,799.0,13.413744471350222,12.887708899596191,3622.172400293361,1.0,0.9607838383325726
125.0,775.0,11.5349085644063,183.3594770418429,3640.2314484857498,1.0,15.896049458739718
380.0,569.0,7.500940414220902,0.0,5530.306538811073,0.0,0.0
725.0,825.0,5.8873028999866,20.235767612293444,5638.19073611444,0.0,3.4371881243513904
225.0,25.0,15.116550219418734,340.4038233447236,3137.0234286333025,1.0,22.518618229934535
270.0,39.0,10.030274777972204,686.7846200973248,5046.1902301563705,0.0,68.47116707167322
425.0,975.0,18.018455900259777,162.1335825294707,2911.523182278021,1.0,8.998195152068117
675.0,675.0,22.80131024904349,849.4115636937557,2566.232408518272,1.0,37.25275233818585
370.0,69.0,7.369723317434103,147.35459821507575,5307.583027524314,0.0,19.994590280816652
770.0,829.0,8.422151091480139,65.35444869011656,5446.467001132544,0.0,7.7598285735136265
120.0,899.0,13.656478477830357,874.4775841214882,3326.469977460003,1.0,64.03390050671533
40.0,869.0,14.051599352381093,516.01591155184,3164.196968087632,1.0,36.72293086440721
890.0,669.0,19.48562654078883,1062.185398535416,2913.244867184511,1.0,54.51122632941604
650.0,89.0,4.981319851451147,18.91059231047616,6010.701337720597,0.0,3.7963015575013057
540.0,859.0,22.72805504849877,941.0494395669446,2812.028181604081,1.0,41.40475010109159
625.0,425.0,7.250134610815467,0.0,6186.5548424352,0.0,0.0
470.0,889.0,19.25905270848321,675.8797163454662,2834.0440922679604,1.0,35.09413087839753
450.0,759.0,20.13514661347188,534.7331148697093,2904.4804853292744,1.0,26.557199961580313
590.0,379.0,16.651159606523187,171.95118810404057,2927.8992525535527,1.0,10.326679472622297
950.0,589.0,19.24479587504583,997.5115967392856,2788.1368979276726,1.0,51.83279693980698
900.0,369.0,13.62649952448484,70.7960852957466,3292.213563847572,1.0,5.19547116033258
460.0,779.0,19.43183177043126,326.29913416901684,2758.996516787384,1.0,16.79199048365244
680.0,759.0,6.9953848068378335,0.0,5753.937647134581,0.0,0.0
800.0,749.0,12.388319419336597,320.9609703839466,3480.492438137517,1.0,25.90835443611239
880.0,909.0,8.359543920648736,0.0,5443.465842676135,0.0,0.0
410.0,479.0,14.871823657796517,853.6114148919712,3133.748709044565,1.0,57.39789783242
400.0,349.0,16.308180664971204,300.1895719140641,3003.1999859956823,1.0,18.407299874893443
540.0,379.0,16.517840016464397,624.5943092009644,2954.470418817665,1.0,37.8133163039714
800.0,579.0,17.48029712963724,273.35479640459954,2693.301083796332,1.0,15.637880430598399
530.0,429.0,18.45400992196365,478.7593160153707,2887.455116277753,1.0,25.9433758863194
430.0,189.0,17.33464200800522,1113.608724224047,3052.6035987326186,1.0,64.24180688068304
500.0,899.0,19.597459842586087,645.5009090472594,2771.921305478679,1.0,32.937988608327665
230.0,439.0,15.37215297951728,482.99916102866143,3064.0822015707586,1.0,31.42039775900205
30.0,669.0,6.768145845659866,0.0,5611.70046305564,0.0,0.0
850.0,339.0,13.67771651284513,138.77064306844477,3283.196847852011,1.0,10.145746399855659
910.0,949.0,14.249149326557871,838.7338890764679,3229.5434253994927,1.0,58.86203238204667
125.0,725.0,6.785032867827021,68.60624351915179,6121.172582873139,0.0,10.111409164201097
975.0,525.0,15.55362656698069,760.5858109482441,3058.062849653781,1.0,48.90086615316565
670.0,839.0,7.71047214021531,76.46955936878518,5718.446876667884,0.0,9.917623457835337
690.0,519.0,13.073564152168492,330.61419206393623,3374.3828535190887,1.0,25.28875738978171
790.0,229.0,5.652147521138724,0.0,6190.081250244163,0.0,0.0
620.0,969.0,15.085440151915412,568.4159984623134,3137.0407556852547,1.0,37.67977551454746
380.0,199.0,15.876282792411711,578.8880531570459,3016.0326363039085,1.0,36.46244279761339
650.0,819.0,19.55602343907217,479.9960202064235,2779.1460986206475,1.0,24.54466378105327
690.0,719.0,22.573588848919098,544.9601177867945,2575.8578799720804,1.0,24.141492140842686
490.0,29.0,5.423949709144599,0.0,6458.161811380164,0.0,0.0
120.0,329.0,13.68423480754908,469.4650595689092,3266.707641160442,1.0,34.307001171152294
980.0,389.0,14.142956001646477,787.7965627490095,3318.5163730436493,1.0,55.7023979044619
690.0,729.0,18.71036706197856,681.8933682855456,2679.674476051709,1.0,36.44468149805703
875.0,675.0,20.144053190827563,575.4167717159751,2918.0554988057493,1.0,28.56509393938587
870.0,659.0,18.89572681204371,250.31792997498496,2803.7725701075065,1.0,13.247330069115838
260.0,759.0,14.94179286284517,841.9671731659153,3177.2421936573046,1.0,56.3498089482677
930.0,729.0,16.33146075190009,619.5252614354488,3306.4968582307665,1.0,37.93446715189699
25.0,525.0,11.535868214276595,222.38674429809365,3855.1863861669,1.0,19.277850627911263
790.0,319.0,18.96907897919365,843.7148640774102,2759.589984038385,1.0,44.47843066091105
380.0,439.0,13.073175177440769,858.7578594114472,3131.009013911945,1.0,65.68854526583031
800.0,839.0,8.485819931688939,172.0647651650878,5180.188332639807,0.0,20.27674008524968
180.0,319.0,15.546496602951438,284.236528136558,2967.042097118549,1.0,18.282995545285544
190.0,399.0,16.789940839684935,314.2235694568081,3145.975637414609,1.0,18.714989674895396
500.0,839.0,6.238005081621381,168.01745976345228,5973.982317194668,0.0,26.93448587569621
540.0,309.0,15.977329184566786,420.167073805599,2969.548512482665,1.0,26.297704012473943
410.0,259.0,16.76355791927491,199.3026679915637,2962.8407979099447,1.0,11.88904342093175
75.0,975.0,12.32219588759071,524.6378821273788,3204.6588824794326,1.0,42.576654917142235
160.0,479.0,14.5886984766352,708.7959125248196,3304.206789520033,1.0,48.58527398177465
180.0,19.0,14.02097629343504,539.1507895562218,3158.5294193545624,1.0,38.45315606222551
750.0,789.0,13.554544879506212,14.345429480868404,3145.131344735772,1.0,1.0583482963384458
675.0,175.0,17.75234716889433,1340.5187013727932,3193.415825669046,1.0,75.51219501394444
75.0,425.0,14.961227857096691,0.0,3307.457714307874,1.0,0.0
740.0,479.0,5.151865369099318,854.3293080270585,6403.506748036603,0.0,165.82912145788814
80.0,389.0,12.373504268884291,0.0,3402.963753341534,1.0,0.0
225.0,375.0,15.56523502940063,1001.473595294326,3111.8453415877893,1.0,64.34040947037917
10.0,809.0,10.53431417784749,704.7115142915973,3730.796571035537,1.0,66.89676256035048
0.0,499.0,15.668681505459675,609.7528226713575,3524.130399486208,1.0,38.9153881555951
90.0,519.0,14.194768738249303,322.9684634234203,3580.1136185410246,1.0,22.752640030911365
490.0,999.0,17.53723600445512,629.256972928461,3033.0464083307093,1.0,35.88119432096403
425.0,25.0,6.816742604503,263.4132328226431,6087.527879640716,0.0,38.64209756851282
140.0,629.0,8.099692664478072,0.0,5254.735271416857,0.0,0.0
750.0,129.0,4.477800953778059,0.0,6783.811223197972,0.0,0.0
970.0,129.0,6.178745794242367,316.13933646526016,5838.420102480604,0.0,51.16561629058327
370.0,239.0,18.446496580455605,523.256978659768,2887.854221540295,1.0,28.36619823051756
740.0,139.0,5.10058793294674,249.5046100858605,6896.794587878188,0.0,48.91683338585544
720.0,809.0,15.126869773179118,674.0172529789357,2984.8884458986063,1.0,44.55761589050038
720.0,29.0,3.1137208613169167,152.77999227011995,6559.153597596393,0.0,49.066695145403365
200.0,59.0,13.46339357794581,0.0,3237.229630809403,1.0,0.0
540.0,939.0,5.612701073850036,528.2808309671644,5827.386317285483,0.0,94.12238849285266
330.0,509.0,7.546877964267844,56.79506044253628,5792.71028753852,0.0,7.525636523002426
430.0,689.0,3.6892072018326623,453.3585569196695,6502.842209539393,0.0,122.88780003857134
170.0,709.0,7.538772424848475,655.7417436573127,5592.9319682789255,0.0,86.98256250525995
240.0,829.0,15.96816635439238,805.1429279905418,3047.098403704489,1.0,50.42175226143422
700.0,269.0,7.26806904784554,134.6445022617701,5886.861837216396,0.0,18.525484743665515
275.0,475.0,12.860901543169843,1321.311366655499,3339.5087815313977,1.0,102.73862700995637
120.0,759.0,7.047579363179273,344.0285961734711,5784.505695610206,0.0,48.81514324916725
590.0,399.0,17.57689159934616,750.5033740304232,2831.7516907529744,1.0,42.698299058653866
920.0,949.0,12.857942258276791,345.5498535713102,3310.719183622161,1.0,26.87442878730274
640.0,159.0,14.217023957997752,110.67915611260712,3120.598468266103,1.0,7.784973595007894
330.0,689.0,13.347743569801192,1026.7794927268385,3375.720822227743,1.0,76.92532354681218
275.0,275.0,4.216961308785543,0.0,6289.112938268456,0.0,0.0
60.0,689.0,8.779513942276,95.11991508284058,5438.411536039079,0.0,10.834303095620088
890.0,419.0,13.464386016012096,591.8558467431701,3330.0970811722173,1.0,43.95713596144111
80.0,369.0,15.191234305541906,469.1895445129031,3185.611819464478,1.0,30.885544589470147
875.0,825.0,7.938313969331852,0.0,5199.044710141495,0.0,0.0
975.0,475.0,12.237486024107486,83.0334915690899,3337.549662055343,1.0,6.7851755994259255
270.0,769.0,17.983800303130202,452.1292187410146,3250.68797266233,1.0,25.140916331367315
375.0,475.0,17.532140972998192,898.0766699205644,3231.257429644306,1.0,51.22458639271272
590.0,99.0,5.843557639993014,772.6335718155449,5957.198782655524,0.0,132.21972288382673
620.0,749.0,4.721001727835386,294.29618610039006,6348.86542898883,0.0,62.33765693522146
620.0,259.0,15.782640972755026,837.4001665988326,3088.254090372392,1.0,53.05830424986571
760.0,889.0,8.878066079407738,0.0,5384.570411165571,0.0,0.0
400.0,609.0,6.814920017425607,156.2325288647154,5523.672072616912,0.0,22.925071529120242
130.0,679.0,8.660722876468078,0.0,5223.251308855691,0.0,0.0
220.0,379.0,15.56523502940063,712.7191446514817,3111.8453415877893,1.0,45.78916690337481
580.0,679.0,17.50817967662237,596.9641924019407,2768.2011003434823,1.0,34.096302609861354
830.0,799.0,7.658229385911336,255.75342651375507,5510.439017324644,0.0,33.39589526846227
660.0,719.0,21.91893705366811,818.3516352816636,2592.033751163099,1.0,37.335370473392246
550.0,629.0,3.198800876360666,570.2748896099689,7400.229415341221,0.0,178.27770832011933
140.0,799.0,13.9636669680716,1019.681384302878,3258.7209019005286,1.0,73.02389742138753
400.0,689.0,14.36996478043986,773.8578225251372,3283.67278867914,1.0,53.8524508827258
725.0,525.0,13.026396381702549,594.312205695282,3254.295858381816,1.0,45.6236850377192
675.0,575.0,14.306683351830753,0.0,3037.49449381084,1.0,0.0
150.0,929.0,16.46658688423187,687.1624842840409,3030.2847950150594,1.0,41.7307174288836
100.0,229.0,6.924152067541229,8.708700238573726,5510.548843144555,0.0,1.2577280443331154
140.0,369.0,12.960069467041428,216.3125971331924,3311.613485032728,1.0,16.69069735183858
680.0,179.0,14.102678827848049,982.7635169090844,3064.6193501750213,1.0,69.68630066001765
830.0,69.0,5.963128300298692,524.5497908977628,6210.190505088874,0.0,87.96553830168105
160.0,439.0,14.189397324942624,580.3600218946573,3082.1033581934166,1.0,40.90096348732725
875.0,775.0,8.302121015309446,157.89115497154197,5223.587457873469,0.0,19.01817073978858
710.0,839.0,6.657835977056283,195.8003061209734,5394.281552076775,0.0,29.409001182324886
950.0,399.0,13.201642266007246,739.0625935853791,3352.542506413602,1.0,55.982625395658744
620.0,289.0,17.512033894135065,680.0173114967486,2917.0200898805856,1.0,38.83142961049729
560.0,479.0,5.537282348301114,391.46820981273896,5893.275507675805,0.0,70.6968121162983
220.0,269.0,14.680086124809108,732.4205212544334,3116.363947334576,1.0,49.89211337232243
625.0,775.0,6.969234959112453,0.0,5557.977737418238,0.0,0.0
860.0,989.0,13.095663713769005,0.0,3469.306312649156,1.0,0.0
160.0,959.0,14.932613383173098,324.9672687025219,2983.906157853655,1.0,21.762250207904877
875.0,425.0,10.9857947937418,41.27897762417388,3224.437779670373,1.0,3.7574866815907564
420.0,729.0,16.852001735316698,253.25574758014767,3077.311184461474,1.0,15.028229379385847
770.0,319.0,20.474449275992555,212.07219906913224,2775.212619398944,1.0,10.357895160471976
150.0,869.0,15.733873222089516,745.5047271003134,3141.604157489769,1.0,47.38214911085369
225.0,275.0,14.38918301024981,997.8328577664269,3269.676052104822,1.0,69.34603980334694
60.0,109.0,12.17815828090096,367.0009331397951,3360.03232669535,1.0,30.135996320179526
740.0,209.0,5.842634950531628,216.2701001393252,6455.855174661899,0.0,37.0158502063605
230.0,469.0,14.170292422491448,192.91522334868037,3253.404814219225,1.0,13.614060853287716
800.0,729.0,14.855701088465374,623.8405296824537,3120.743100556449,1.0,41.99334154392964
990.0,649.0,16.901211933549757,713.0775212668624,2954.6326632135856,1.0,42.19091057318603
770.0,839.0,8.152738484769996,426.4826521555572,5179.834647398857,0.0,52.31158253785067
870.0,139.0,6.250315816983627,0.0,6136.829559018967,0.0,0.0
75.0,725.0,7.365353170260812,148.4068708536738,5708.264788612526,0.0,20.149321753218604
900.0,179.0,7.598815636253638,211.7225206691554,6012.589355974742,0.0,27.8625684322483
440.0,799.0,19.075339224688665,704.1053633106854,2783.8613217064203,1.0,36.911813468532294
350.0,639.0,6.466546201587107,0.0,5677.74583276413,0.0,0.0
670.0,329.0,6.242201520241616,0.0,6165.174526920268,0.0,0.0
590.0,659.0,17.642886725006306,539.1008746415058,2780.769036866105,1.0,30.556273644120058
710.0,79.0,4.745080892146762,0.0,6265.39213822358,0.0,0.0
790.0,919.0,7.037300299084666,8.649508736749254,5600.945728062652,0.0,1.2290947336543656
320.0,59.0,8.151469645514759,291.2024097327891,5358.200408461187,0.0,35.723915121614844
80.0,919.0,15.315974900081583,401.53035991377646,3227.103889198259,1.0,26.216441495450457
400.0,379.0,16.997955926116596,579.3583547375382,2980.7617895374296,1.0,34.084001467928275
175.0,425.0,15.854520289067729,423.918977197678,3290.499452277869,1.0,26.738051323444054
70.0,429.0,14.961227857096691,323.1409999497995,3307.457714307874,1.0,21.598561497512463
420.0,109.0,4.763705082252555,551.3910576292797,6515.682259420615,0.0,115.74836143478264
90.0,919.0,15.395224230351658,384.26072180308336,3058.448105352032,1.0,24.95973530840259
440.0,459.0,18.042796862477346,286.51320672960827,3034.825489367708,1.0,15.879644875094431
530.0,619.0,13.64323028006963,807.1457382889802,3324.755172009158,1.0,59.160896775896155
990.0,589.0,22.452442705532693,434.3417260449749,2721.800656427355,1.0,19.344965344815026
590.0,209.0,14.745685127557262,143.34043843755933,3153.209114232726,1.0,9.720839499663505
210.0,349.0,17.6101584023584,918.4615434001338,3101.802336299079,1.0,52.15521191888489
925.0,425.0,13.89222483158416,508.83549556273545,2976.1910146178707,1.0,36.6273582332105
525.0,225.0,14.905493824404276,716.3617335313198,3070.984381079836,1.0,48.06024825279148
460.0,609.0,3.9890151188135343,0.0,6373.616701194214,0.0,0.0
240.0,769.0,16.29145510204925,836.4630438664794,3130.526667985187,1.0,51.343666887144
360.0,219.0,5.628418692284867,198.62500146194984,6082.98571223667,0.0,35.28966345986561
160.0,529.0,13.233015106051406,739.5398186621755,3455.0186868391334,1.0,55.88596496984175
120.0,209.0,6.847368230425115,156.7502042248225,5411.191687088825,0.0,22.89203661172035
325.0,75.0,8.267281183239763,870.4699953182205,5315.783144991542,0.0,105.29096277539489
925.0,475.0,14.329854977019552,603.1959263493209,3312.4174746537174,1.0,42.09365184202156
800.0,659.0,19.210940857821505,679.6304598207472,2656.383703724157,1.0,35.37726053349666
940.0,619.0,20.38692100424906,718.6553912643178,2797.086074595769,1.0,35.250805705998225
370.0,229.0,17.13916181879612,409.6414576655985,2920.387338966593,1.0,23.90090378960973
340.0,969.0,17.644011004167577,910.561024695192,3117.706215431407,1.0,51.6073711629467
460.0,769.0,17.951537095983923,446.52921682111634,2922.6142108709428,1.0,24.874149463279824
160.0,349.0,16.446519446476138,476.51949289995537,3294.071927391882,1.0,28.97388073207522
460.0,299.0,14.267668243336178,98.76388307211283,3002.1277720969674,1.0,6.922216117426283
860.0,189.0,6.466185019256521,0.0,5894.595167196479,0.0,0.0
825.0,625.0,18.597222364121556,566.6761429720838,2957.7392559787654,1.0,30.471009695799314
60.0,219.0,6.475430625759265,387.3350628533331,5421.041273224492,0.0,59.81610880248089
580.0,269.0,12.87790372492734,0.0,3200.623158205234,1.0,0.0
390.0,89.0,6.255982738748076,0.0,5564.203110927545,0.0,0.0
390.0,329.0,17.49053049681911,1109.967979349314,2876.738431580141,1.0,63.4610813863637
830.0,529.0,13.876926906912722,414.7976239722327,2944.566123644741,1.0,29.891173078500785
250.0,729.0,4.587257274019915,3.0669979205044484,6398.77261865621,0.0,0.6685907803502745
925.0,275.0,17.194028656476835,461.80058637275823,2901.2022086788097,1.0,26.85819569102568
890.0,289.0,15.236979501177284,609.6932190592272,3205.144101203619,1.0,40.01404733872086
960.0,479.0,11.524045964031496,522.8048796897001,3466.4137942095526,1.0,45.36643478527098
880.0,889.0,8.409920963660117,341.0235958079557,5318.350499272484,0.0,40.55015466632131
230.0,719.0,6.770415914790922,307.9469708274014,5721.953451708435,0.0,45.48420284707297
830.0,829.0,8.871891687736678,0.0,5243.5885739862015,0.0,0.0
990.0,619.0,18.41539980675749,505.21206072988485,2960.7587272511305,1.0,27.434216255489513
140.0,479.0,15.464189594713732,570.4334221548298,3138.9544200846435,1.0,36.887378977158065
275.0,925.0,17.338783099589058,452.6776472458303,3110.6764355293126,1.0,26.107809564591594
650.0,459.0,6.160511988677111,9.54450153890565,6139.781767433496,0.0,1.5493032975908883
620.0,359.0,16.132618831526873,340.837135745341,2744.6117078219413,1.0,21.127204411429243
870.0,579.0,15.23001624151298,2.183196048951117,2884.825882375887,1.0,0.14334824167818708
510.0,939.0,8.395742897538051,356.4140405747879,5826.296068412095,0.0,42.45175738758055
125.0,625.0,7.871593364255011,286.0469766458557,5264.084143088266,0.0,36.33914550830306
775.0,725.0,19.11283166241421,249.41740709869129,2904.4746567206844,1.0,13.049735983871816
730.0,359.0,4.90573654913988,198.4391885469352,6235.248425252118,0.0,40.450437270572024
820.0,419.0,6.379464546978783,0.0,5846.730691450708,0.0,0.0
780.0,639.0,18.786428914809957,1126.4696308189832,2756.604265163613,1.0,59.96188184178795
270.0,429.0,17.158385581970865,424.9537270744198,3047.3850281440923,1.0,24.766533252460476
0.0,849.0,11.712228508289112,477.2761566693438,3448.838935669742,1.0,40.750242904803336
75.0,25.0,13.297694365818472,588.4961805595386,3241.724602325575,1.0,44.25550508005804
670.0,539.0,12.151191479381309,733.3231669166221,3502.879772914925,1.0,60.349898045879534
250.0,359.0,19.135969401525976,649.6618174245291,2727.6355986769818,1.0,33.94977300563213
770.0,859.0,7.789546290128921,0.0,5452.087109367089,0.0,0.0
530.0,179.0,13.124319652061278,570.2734154546274,3335.0762815808985,1.0,43.45165544372134
230.0,829.0,16.732608691613052,262.1247637257295,2904.6034577311766,1.0,15.665504916583346
560.0,329.0,15.788554639401111,348.15758292374915,2842.4577340690244,1.0,22.051263771473092
790.0,519.0,12.357118372639306,917.7449907795132,3244.7330218727684,1.0,74.26852791274959
975.0,575.0,18.95537139359491,740.518902055229,2707.679375592401,1.0,39.0664412043888
640.0,449.0,7.859141985908023,224.59077202148023,5804.291462302892,0.0,28.577009096436583
560.0,919.0,7.226275388137971,849.1693577419851,5535.086102851871,0.0,117.5113474274601
570.0,339.0,16.480610253111344,530.4963506071686,2895.821503866542,1.0,32.189120576224845
730.0,729.0,20.39634606735676,188.76094205617085,2896.472267822342,1.0,9.25464499537358
850.0,889.0,7.7783009504602365,134.14146666847088,5411.944291306258,0.0,17.245599973929245
880.0,619.0,21.17952213377616,1502.9208141206122,2686.4040412226377,1.0,70.96103512759719
375.0,875.0,14.582025724785014,1009.8384242127606,3066.346162045703,1.0,69.25227285097584
700.0,279.0,7.2314377209034575,0.0,5763.677185618622,0.0,0.0
180.0,569.0,6.318080500863126,0.0,5741.699232892833,0.0,0.0
400.0,909.0,5.629099946046292,169.76682522748592,5547.677406874869,0.0,30.158786813995896
710.0,49.0,3.641916180532657,105.55322655974848,6740.221847097528,0.0,28.98288190265558
310.0,919.0,15.319284289166864,966.5140376996688,3152.4039482039443,1.0,63.09133112590291
540.0,69.0,16.31524976414439,969.0085162642408,3140.5476824957964,1.0,59.392809198287985
830.0,679.0,19.971763702079457,1070.8403283887158,2707.9429023928183,1.0,53.61771470775113
440.0,759.0,17.30717507504496,724.8838361392407,2881.175009003492,1.0,41.88342886670415
490.0,659.0,5.139244290283289,390.8338157681693,6076.464370498959,0.0,76.04888845371963
430.0,459.0,15.916339323274178,202.97231932798616,3132.016900939033,1.0,12.75244986962444
150.0,349.0,16.064036624814,372.7501804865465,3279.3065208730263,1.0,23.204017096846133
300.0,399.0,20.027768829779163,575.8230332388788,3011.408666234221,1.0,28.751232258217957
880.0,459.0,13.42183716898198,715.0932166279119,3289.1784054003115,1.0,53.27834093238
890.0,559.0,16.7014632758182,743.5721677509239,2865.1760048345227,1.0,44.521378484694274
690.0,529.0,12.158191974656209,56.42475774509336,3475.845527455254,1.0,4.6408839293466455
520.0,349.0,14.773429861474613,309.6346262604632,2854.149755226236,1.0,20.958885591484236
380.0,699.0,13.986285434284383,674.8952333091434,3169.0557090016982,1.0,48.25407263995787
540.0,699.0,19.739333631600807,601.8777812733227,2910.2703346005533,1.0,30.49129177845058
780.0,279.0,5.734535284315729,357.16554424084063,6630.880532458098,0.0,62.28325863086205
20.0,319.0,17.14683571223908,0.0,3170.98999081023,1.0,0.0
710.0,689.0,21.60924337289449,202.62420532228475,2590.0954271431856,1.0,9.376737622218
280.0,399.0,15.541208070157296,596.6309822863934,2861.7124153793934,1.0,38.390257668067804
225.0,625.0,9.362477483496969,297.2996961277319,5136.291672732383,0.0,31.754383030749658
540.0,809.0,6.125302477509442,294.285897108804,6024.638909141799,0.0,48.04430445506115
530.0,999.0,17.109497149872556,483.8100272607292,2832.745289496166,1.0,28.277279163890153
20.0,389.0,12.052576302021356,335.9245734313834,3368.814618357178,1.0,27.871598985442223
150.0,989.0,16.533470234142982,135.50401651892747,2894.215704706744,1.0,8.195739587633604
470.0,689.0,14.404739993993706,917.1117821941996,3081.5740769741665,1.0,63.66736106147035
775.0,625.0,19.96169302213449,422.75300120784215,2696.2870377280533,1.0,21.17821372861877
770.0,549.0,16.840813656027063,885.5300799450833,2906.46638018726,1.0,52.582380996072956
260.0,839.0,16.052047734451577,461.43385199840645,2939.6204410364626,1.0,28.746105146950054
490.0,259.0,14.14663536754816,748.3531173134148,3170.6181780343604,1.0,52.89972476636446
210.0,669.0,7.073977823988656,0.0,5624.78740874999,0.0,0.0
140.0,109.0,15.41091770375271,325.42256617901336,3037.91897015864,1.0,21.116365192176048
980.0,919.0,16.292895062074304,314.325881102709,3295.3815376806365,1.0,19.292205584407114
940.0,609.0,22.1881951221108,816.4657187694447,2638.517879887568,1.0,36.79730209131914
90.0,19.0,16.015471495165094,532.2559148889171,3286.091063863033,1.0,33.233858587903555
770.0,359.0,6.455127356919688,622.4506994342205,5907.624288256718,0.0,96.42733055715368
175.0,25.0,12.468712177493831,323.63060407155604,3307.9007874719864,1.0,25.955415400133543
680.0,659.0,22.69167655292747,579.8416982161826,2555.1878750497667,1.0,25.55305672825558
30.0,349.0,15.675273962683942,307.5773100329467,3085.2820312935896,1.0,19.621813996052346
830.0,379.0,4.869877762439971,0.0,6648.655928655428,0.0,0.0
390.0,919.0,14.121943920849244,627.069893599161,2995.462223514756,1.0,44.4039359675811
275.0,75.0,8.106839652282945,0.0,5217.527426342225,0.0,0.0
530.0,439.0,19.4842022424116,434.9093618745919,3099.803122812425,1.0,22.32112746848404
650.0,679.0,21.98004115678731,866.1947568061516,2685.0086941691734,1.0,39.40824089579449
30.0,679.0,6.546083695910706,28.73090449664791,5787.442431124706,0.0,4.389021868845934
960.0,949.0,14.05922163311468,299.16446404923926,3228.730845945402,1.0,21.27887815244309
910.0,519.0,13.951677989249676,625.9349271029897,3202.111096859306,1.0,44.86449067884863
230.0,789.0,15.75665382501886,367.74714200820193,3124.936913391768,1.0,23.339164907226852
25.0,125.0,14.099590003701364,590.0298945761446,3397.295626577345,1.0,41.847308639559905
420.0,979.0,18.018455900259777,1525.9893445002956,2911.523182278021,1.0,84.69035043553843
810.0,219.0,6.32456156989716,152.92985739023948,6208.7511261490745,0.0,24.180309686308608
230.0,19.0,7.764171860378376,305.8488884460506,5380.412608957184,0.0,39.39233880265312
190.0,249.0,6.429189325165656,597.5030069510858,6018.64404825855,0.0,92.93597944180783
450.0,709.0,18.306628271141854,792.2696512016836,2882.859444217606,1.0,43.27774833613676
180.0,369.0,14.45354379836342,285.922173219668,3347.66662541092,1.0,19.78215012238335
90.0,709.0,7.616260244468186,177.6952921968957,5679.6870398023,0.0,23.331042597442583
550.0,349.0,16.899255468489216,250.42209387799227,2761.0720539096887,1.0,14.818528209419386
850.0,409.0,6.397256324739645,400.8886779433981,5890.194007251208,0.0,62.66572067670173
890.0,889.0,7.851551510435111,231.0414190735472,5720.290367488566,0.0,29.42621197434436
930.0,309.0,15.874969070604733,753.2638410200866,2938.271335173569,1.0,47.449783219728324
25.0,725.0,8.52112875203738,178.35305356385803,5562.819949500458,0.0,20.930684038920813
90.0,429.0,13.973621305248106,82.76040236663829,3433.1396434438693,1.0,5.9226166616921105
160.0,989.0,18.009808647053497,557.7057229433343,2732.18039209604,1.0,30.96677670890068
225.0,875.0,16.85325555247688,961.4072727546298,3068.9185661926526,1.0,57.045789744363915
510.0,849.0,22.20101915597973,1086.3926027064904,2684.077833939184,1.0,48.93435725061641
975.0,175.0,5.726877695070057,461.7216524399204,6167.349636202736,0.0,80.62362722315343
770.0,469.0,5.331540050091567,246.7134731911432,6188.114126355888,0.0,46.27433553404631
10.0,739.0,9.042667659149144,208.66542731788343,5534.80670669213,0.0,23.075649264491215
0.0,99.0,12.184669451613416,363.5414419050651,3389.3752055586806,1.0,29.83597079499988
720.0,509.0,4.136599109225558,0.0,6653.2032109857455,0.0,0.0
660.0,439.0,7.560533248348685,749.7541350740382,5768.518872257362,0.0,99.16683260903507
890.0,529.0,15.09605414009193,353.40904611876965,3049.666769554709,1.0,23.410690160430065
325.0,825.0,17.359956607734997,737.8044326677955,2851.608311291654,1.0,42.50036156997393
930.0,899.0,5.612477131686532,242.2060367475416,6007.354235385045,0.0,43.154926258872685
370.0,219.0,17.76922862696243,360.2734009785484,2754.7337522046496,1.0,20.27512890637704
820.0,729.0,16.257937311212476,12.07703455423109,3226.56798356134,1.0,0.7428392866235265
650.0,879.0,7.304635642862389,412.93452075700793,5484.080632093015,0.0,56.530474748661895
670.0,569.0,11.90521771197032,298.6037489267216,3186.933746467489,1.0,25.08175458450331
870.0,679.0,20.144053190827563,487.33128702978433,2918.0554988057493,1.0,24.19231534057341
0.0,799.0,14.08943545311808,0.0,3442.3146420257394,1.0,0.0
700.0,559.0,15.213281669993975,662.8938809236006,2923.327807644076,1.0,43.573365385790765
30.0,159.0,8.541290293113834,496.6943067854895,5234.124186990875,0.0,58.15213975175798
270.0,599.0,8.263803516818164,429.340620151292,5333.716962222696,0.0,51.9543596695535
120.0,319.0,11.930718483432258,616.9840756030221,3478.705936630469,1.0,51.713907796902994
180.0,29.0,13.390511925764752,675.8758571465855,3258.2863932518544,1.0,50.47423585398026
990.0,699.0,15.582204712960255,468.6062581846268,3166.815204117217,1.0,30.073167874304133
800.0,9.0,4.60716552308433,169.55462810640233,6909.978084491432,0.0,36.80237387974107
500.0,319.0,19.007834235079983,670.9455726894702,2983.753142247321,1.0,35.29837036621478
340.0,869.0,18.35851340104963,497.8772398629549,3004.379088879225,1.0,27.119692590931095
920.0,629.0,21.06582050705006,730.7674631981712,2659.578491914608,1.0,34.68972228988691
300.0,949.0,17.733981463781713,561.8776681045077,2953.664440284958,1.0,31.683672910791977
280.0,689.0,6.690379077465831,365.7344367425152,6034.487548001288,0.0,54.66572708478686
775.0,525.0,3.992011049759154,437.1160961429795,6465.772681481118,0.0,109.49771698887245
300.0,719.0,15.146800934976884,1051.2616968359678,3232.5741523666634,1.0,69.40486650276111
270.0,359.0,17.60140297971407,325.1331996686784,2948.681550442929,1.0,18.472004762540816
890.0,619.0,21.82903820729157,231.17925888560168,2662.260318333894,1.0,10.590446390275716
200.0,459.0,17.494576142022183,545.3890247704584,3084.777141947048,1.0,31.174749267598852
975.0,275.0,14.211360211418627,153.02478910223022,3135.1777389658228,1.0,10.767779215059017
830.0,579.0,16.266675224100805,449.2180769258165,2932.7947546756304,1.0,27.61585085686424
230.0,239.0,5.89556406381365,0.0,6010.341640100731,0.0,0.0
650.0,699.0,19.46659083650879,1354.2364016962022,2691.598020426965,1.0,69.56720943434983
230.0,579.0,8.302540310805433,727.9740880414681,5822.241657645313,0.0,87.68088570362472
580.0,669.0,17.90239952397836,660.0093296386644,2773.4819723167416,1.0,36.86708749598913
260.0,629.0,8.647159813105795,391.2483218044633,5163.493088394982,0.0,45.245876132817635
220.0,839.0,15.33870531381166,502.916670510021,2997.653330020456,1.0,32.78742633233668
850.0,469.0,13.751469743018198,234.6075666944836,3098.437497994109,1.0,17.060544878382686
25.0,925.0,11.916680248434496,233.768776911246,3285.6152994484783,1.0,19.616937942255888
310.0,39.0,8.294385660482561,136.03363992235444,5322.116644603779,0.0,16.400689031192226
410.0,269.0,16.938815680208396,0.0,3164.9981046748494,1.0,0.0
210.0,279.0,16.809973328775776,745.2740039230184,3111.6153167319867,1.0,44.33522822116784
775.0,775.0,13.865557000506405,593.6644203040715,3285.920678726776,1.0,42.815764291502276
910.0,619.0,20.852697259462246,589.6430304943141,2700.8988056065527,1.0,28.276583271583924
390.0,299.0,15.831241955199811,10.260670656276318,2980.570287088111,1.0,0.648127966543154
340.0,669.0,5.004226976676549,202.2167678294563,5935.272468667823,0.0,40.409191823619935
740.0,559.0,15.96036138542714,154.88343472647358,3019.2290880178525,1.0,9.70425612466973
580.0,749.0,21.497051551821883,386.0659527691164,2641.1514329338843,1.0,17.959018790946573
660.0,249.0,18.274754506589307,478.63192611730017,2830.9122938299843,1.0,26.190881302658287
950.0,389.0,13.763835290076068,185.83909103245435,3479.644600649075,1.0,13.501984520727818
760.0,619.0,19.428451824672017,981.1597605941582,2848.5707353072235,1.0,50.50118092004594
160.0,649.0,9.304899355971818,293.7718787076455,5060.053993885917,0.0,31.57174166737277
230.0,459.0,17.42842464619378,813.6782721187295,3104.802944384809,1.0,46.68685143016813
330.0,949.0,16.492058158066502,603.661434130246,2969.268104295418,1.0,36.603159432528834
960.0,939.0,16.12220034795944,726.5864818454461,3189.669910245913,1.0,45.067451474600304
300.0,839.0,16.938498089239687,361.7049258550174,2938.9570399891727,1.0,21.354014030606013
890.0,969.0,14.056481572144028,541.1044343715955,3272.6083929637607,1.0,38.495012538835574
740.0,789.0,15.58833565667554,706.2210823814395,3064.358122107454,1.0,45.30445699499727
460.0,39.0,6.176447673330198,0.0,6472.034087933639,0.0,0.0
240.0,419.0,16.989642672711962,1166.398864122869,2979.1029944933125,1.0,68.65352536203066
490.0,469.0,13.833306537537378,453.07511846492287,3427.647666503461,1.0,32.75248164533046
930.0,19.0,5.733925565458777,81.04857089284548,6185.950146930892,0.0,14.134918559299559
100.0,179.0,7.934201546735103,535.7454341144107,4986.694585849123,0.0,67.52354738642455
550.0,839.0,6.63609897256712,127.02286730972564,5800.965490301485,0.0,19.14119542743768
550.0,49.0,5.197557048769334,0.0,6269.631971483598,0.0,0.0
175.0,175.0,7.672679661660297,164.92980539728407,5420.767443184672,0.0,21.495724136825853
425.0,425.0,15.169814815629689,815.5263434094867,3367.2180392317587,1.0,53.75980875977719
880.0,569.0,16.766007356612,586.8973186645543,2801.903242151094,1.0,35.0051927200843
370.0,439.0,13.84258246235022,0.0,3170.7285138100183,1.0,0.0
210.0,639.0,9.245965878801858,349.77910116660377,5122.230138128389,0.0,37.83045554694714
310.0,539.0,8.927701526452928,678.9569299881744,5830.677350994613,0.0,76.05058569402367
170.0,479.0,16.256384031948528,326.8786968488879,3261.19755849722,1.0,20.10771252736624
660.0,649.0,19.65768074726292,896.7939123247078,2711.998002465826,1.0,45.6205349885731
280.0,99.0,8.808103634427372,496.2313412625524,5167.964699425114,0.0,56.33804526583697
370.0,279.0,16.82364154295032,1277.1833349829094,3018.1125585870427,1.0,75.91598594883834
575.0,175.0,13.69832932517718,805.4896590645476,3243.369472833924,1.0,58.80203636103843
310.0,339.0,19.37461853497605,952.0206706187496,3087.25511022963,1.0,49.137518186492976
210.0,759.0,5.3944577788252674,542.547728127185,6176.171168109513,0.0,100.57502540048311
310.0,449.0,16.98928435004521,324.28482776544297,3182.880819222422,1.0,19.087609641696297
710.0,439.0,4.400035850810305,293.4624676763992,6365.833262960274,0.0,66.69547195220139
425.0,225.0,17.89192288734068,464.5299934854271,3033.389677856851,1.0,25.963111757769894
625.0,925.0,6.189132517661397,452.2630951907414,5995.682503628541,0.0,73.07374561784822
150.0,719.0,6.898703999836879,396.87818627671857,5691.778241229055,0.0,57.529383241562876
110.0,29.0,16.875281391489345,683.7091246277288,3058.2375265362857,1.0,40.515420677520765
270.0,9.0,8.245414707276225,138.9728721255405,5086.558288690784,0.0,16.85456427108547
390.0,459.0,14.002117961774248,186.64034971072985,3109.033841260956,1.0,13.329437033758579
980.0,999.0,14.731495750316569,0.0,3149.395921114494,1.0,0.0
530.0,899.0,6.8551345502685965,0.0,5697.132381445681,0.0,0.0
310.0,679.0,4.592876950625885,99.7376139623063,6073.254744559147,0.0,21.71571653987263
80.0,959.0,15.126678770906674,66.17324088557064,3238.230413282803,1.0,4.374604755463072
730.0,869.0,7.46836144865351,283.1511930018737,5265.22280522475,0.0,37.91342919709969
150.0,39.0,13.949460942461805,735.2056197328764,3083.5475807209755,1.0,52.704948439615265
190.0,989.0,13.189337784696733,120.73403314463366,3042.7071250025465,1.0,9.153911675893115
725.0,575.0,18.470529174421685,328.598382752102,2785.7605362392464,1.0,17.79041518784155
350.0,649.0,6.185050077933618,325.99983117896136,5808.69646887058,0.0,52.70771086268644
340.0,559.0,7.45690004481335,1034.2877790447992,5585.255697185051,0.0,138.7021111761044
660.0,349.0,17.592701892269005,1051.0236269535255,2771.833595835384,1.0,59.742024470692066
870.0,569.0,16.80391732428644,960.3205266734782,2827.084358360209,1.0,57.148610537707285
210.0,359.0,16.7479576416394,147.5146666767622,2968.7493879762537,1.0,8.807919737628529
90.0,729.0,9.084668275060745,66.00427178657827,3768.4628374876575,1.0,7.265457558618114
100.0,749.0,9.77507446410202,85.4805184425166,3585.9748818987555,1.0,8.744743455043254
520.0,129.0,14.91361112489356,123.39348253641828,3505.058036404548,1.0,8.273883602238485
720.0,349.0,15.833130170391708,731.0919519378748,2917.0728705206284,1.0,46.17482102844278
260.0,279.0,19.204218467663807,399.815648901056,2925.5125135993394,1.0,20.819157497831444
830.0,439.0,14.237182052884044,774.2713330136563,3557.663676196293,1.0,54.383748844232215
230.0,519.0,5.917070657079351,104.68311680883946,6209.8748319043925,0.0,17.69171315938126
600.0,809.0,6.474002746945408,76.12382286224397,5810.784128645066,0.0,11.758385937998101
70.0,849.0,15.851073201176682,567.0604962846162,3426.4461916447112,1.0,35.77426519249948
420.0,549.0,12.894713887299751,273.82459742538083,3724.7941260618913,1.0,21.23541474581114
120.0,389.0,12.864883959005324,752.1133002173638,3275.740781677365,1.0,58.462501691738154
100.0,959.0,12.937897023412646,815.0333939865059,3140.692787475377,1.0,62.995817056791154
830.0,969.0,4.276058961356769,0.0,6355.153320134023,0.0,0.0
960.0,439.0,10.843375637394868,0.0,3504.2997806344874,1.0,0.0
540.0,169.0,13.59770553505367,0.0,3225.289364365016,1.0,0.0
720.0,839.0,7.059090629214133,464.8888898255825,5346.06061707226,0.0,65.85676742860251
160.0,859.0,15.70152380795592,757.8140554278707,3014.3462751406605,1.0,48.26372680108209
0.0,449.0,13.758981867294038,658.2710270389389,3341.649545552861,1.0,47.84300418359373
640.0,589.0,13.640759948709988,698.5732980542987,3140.4399273250474,1.0,51.21219790400043
560.0,109.0,11.589363779434912,430.42188390992095,3441.705531336778,1.0,37.139388503249485
160.0,749.0,6.815633808727597,0.0,5683.288653289844,0.0,0.0
500.0,269.0,14.02796673638108,872.5317953191178,3319.7901550599736,1.0,62.19944855274248
350.0,709.0,16.593152085166682,904.2329996609036,2956.114109513948,1.0,54.494347729702035
410.0,469.0,16.47495017093307,330.5893578028087,3192.1255006235365,1.0,20.066182560361913
230.0,769.0,15.561867431556053,523.9943231844887,3194.5061224626543,1.0,33.67168660760747
990.0,359.0,13.613775096808356,665.9527525890651,3430.440415167301,1.0,48.917566791976206
225.0,225.0,5.401686033477515,514.2123375078672,6043.88484394738,0.0,95.19478442859922
490.0,449.0,15.89889037029149,899.9593368584002,2956.636601643093,1.0,56.605166517787644
425.0,725.0,16.852001735316698,368.2242789651174,3077.311184461474,1.0,21.850477156872746
500.0,679.0,17.603614418362717,0.0,3104.9819835150847,1.0,0.0
20.0,309.0,17.161399709231098,675.4794115747256,2953.036668975674,1.0,39.36039151931098
640.0,479.0,5.51906207690703,20.676585293134675,6302.200309508477,0.0,3.7463947687144263
625.0,325.0,17.362488766123192,749.9612278351382,2875.635613074533,1.0,43.19433912599123
130.0,179.0,8.58832755610745,443.50686923086965,5124.475842711907,0.0,51.640656033837104
675.0,875.0,7.899717020761837,2.7009448330109933,5487.1516752749485,0.0,0.3419039980688471
930.0,399.0,14.239701669441038,652.6609401747658,3392.277615580401,1.0,45.833891420309875
250.0,319.0,19.493065451372946,629.9458512589239,2852.3260331558145,1.0,32.31640774153124
825.0,775.0,7.950257486146571,346.89979274638034,5723.629908076763,0.0,43.633780836766334
750.0,699.0,20.62677271164917,926.8400258325428,2667.833288111812,1.0,44.93383617443464
380.0,219.0,18.669230069891544,719.2260071046435,2955.982377270848,1.0,38.52467425877203
240.0,949.0,16.02854512077424,955.207683236251,3021.62971959145,1.0,59.59416004626818
200.0,439.0,17.830032804554637,214.718162081148,3222.797327321144,1.0,12.04249955313031
390.0,389.0,17.154989662562965,406.0534341251939,3090.528527903151,1.0,23.669698560723546
425.0,775.0,16.096982869934326,771.6965410976984,2967.2034137762967,1.0,47.940446190016154
50.0,29.0,6.473115688364112,0.0,5964.702530278862,0.0,0.0
480.0,819.0,5.761194716058419,497.2704667415056,6551.760481022765,0.0,86.31377539721801
410.0,699.0,3.446804853852441,221.9385021806297,6235.292986641599,0.0,64.38963375967526
75.0,875.0,13.34747495999749,1207.51944427827,3323.5347044034697,1.0,90.4680059634663
780.0,359.0,6.053381427688567,367.2038774193771,5834.141492792043,0.0,60.66095153689841
350.0,869.0,16.22109294097763,664.639801566624,3056.7738924411387,1.0,40.973798990301994
675.0,275.0,22.06202056271044,927.2019116288288,2822.767454221646,1.0,42.02706225358159
880.0,609.0,21.74309053541516,493.657404878236,2614.684257924333,1.0,22.704104739579982
770.0,969.0,4.586891103472408,139.14848525385895,6068.295372857768,0.0,30.336121376092745
980.0,59.0,7.5679931102317,24.16085453070505,5282.986631668123,0.0,3.192504826416966
170.0,679.0,7.858392026726904,0.0,5718.78121906667,0.0,0.0
675.0,625.0,17.35345980210372,543.3795125033912,2770.651933470884,1.0,31.312459803405805
620.0,539.0,11.93410088909465,884.8695801584042,3485.0014089566803,1.0,74.14631302195508
100.0,59.0,14.807485703241268,508.5381315947197,3245.516547279281,1.0,34.343314036319065
120.0,789.0,13.07172262608825,559.4148584065409,3388.1303679398925,1.0,42.795802390273586
380.0,209.0,18.722489097692808,1107.7496810348694,2905.238979202533,1.0,59.166795357962236
310.0,779.0,18.84600166079409,211.07813035187496,3001.007295816551,1.0,11.200154502320096
925.0,125.0,5.654778306359091,0.0,5544.040638651015,0.0,0.0
250.0,479.0,15.673073645870248,659.3129278104939,3094.978782860041,1.0,42.066600509097874
60.0,859.0,14.618163484361242,846.058230749682,3303.543094434871,1.0,57.877190363537075
375.0,825.0,17.294913670504542,686.0212061216369,2935.782408093453,1.0,39.66606709876822
570.0,739.0,20.01462556181349,934.8404439303904,2735.792494981036,1.0,46.7078657576288
900.0,679.0,19.641500260368424,564.4577948575081,2859.9573132566484,1.0,28.7380183476331
650.0,469.0,5.862145556834159,207.18512378305792,6067.686386689618,0.0,35.34288287016671
500.0,329.0,17.36529411363046,725.283917248127,2979.5175006902773,1.0,41.76629042400343
680.0,739.0,20.739985874173108,190.39952978490828,2797.380765804902,1.0,9.180311449585277
860.0,479.0,15.882339141481664,251.16290664082464,3130.5072242953,1.0,15.813974528779244
110.0,389.0,11.2268996914012,803.6764098970464,3523.3449181105093,1.0,71.58489271197377
650.0,619.0,17.04578859316204,731.757857717049,2924.9491204660485,1.0,42.92895302072416
310.0,49.0,8.39235133878385,0.0,5017.817161139727,0.0,0.0
630.0,159.0,14.54980347007817,470.0432369451612,2891.175376381093,1.0,32.3058134710761
170.0,939.0,14.385144665935703,306.9840395694664,3076.240219794612,1.0,21.340351223329055
350.0,949.0,16.77722771952853,23.892893015488767,2916.8709626729405,1.0,1.4241264060377312
240.0,329.0,18.601009369031804,430.8850729585496,2939.319590139026,1.0,23.164607060298334
375.0,925.0,16.14754952239786,739.728864261463,2944.470298773279,1.0,45.81059579569046
230.0,669.0,6.664423279701735,0.0,5399.4129470692105,0.0,0.0
100.0,69.0,12.25767624928572,857.6869372807287,3395.1719424147736,1.0,69.97141381758291
80.0,689.0,8.002446698308088,988.7445429230584,5426.477958833842,0.0,123.55528005354951
40.0,759.0,7.232309142862952,0.0,5538.024426296667,0.0,0.0
740.0,349.0,15.932227215255438,365.4487970902228,3051.250181252132,1.0,22.937709345514357
475.0,275.0,15.893390892064128,304.61531108898066,3128.0917524071383,1.0,19.16616241038159
960.0,629.0,20.544078719435092,190.5941207199044,2768.4295776701338,1.0,9.277326246788506
125.0,875.0,18.18045249362081,506.3300846547557,3090.865783660668,1.0,27.85024656742827
775.0,875.0,7.950795609806791,0.0,5711.91205679112,0.0,0.0
490.0,169.0,14.090772141811431,705.4003069417033,3139.670801729542,1.0,50.06115348700976
450.0,849.0,5.811548672241791,0.0,6145.741696267959,0.0,0.0
20.0,359.0,14.957714226416227,228.63391034122657,3193.6879726609027,1.0,15.285350881851002
850.0,859.0,7.545681638138229,80.92195751281501,5750.176328212408,0.0,10.724274014399203
140.0,899.0,12.366801541134093,415.3531043924171,3171.499929887344,1.0,33.586138098107405
490.0,479.0,13.9380518505952,518.0709062840792,3261.773286295442,1.0,37.16953501374412
450.0,219.0,16.9221522031667,1225.6082416439317,3247.4797973664204,1.0,72.42626274302033
240.0,939.0,15.134470887231329,776.2386286372903,3027.263693567601,1.0,51.28944608775113
240.0,479.0,14.103972562838756,387.3548465090753,3211.5620205048613,1.0,27.464237099388615
825.0,325.0,5.836583417536138,0.0,6461.866774324359,0.0,0.0
840.0,829.0,8.685226692171359,453.0896942487973,5304.609079180808,0.0,52.16786047245039
775.0,675.0,21.55188311697615,472.0425113668487,2738.6132967939857,1.0,21.902610960015217
420.0,309.0,15.517115884954045,117.72134196904057,2902.951729683244,1.0,7.586547838003029
240.0,779.0,15.145832599454604,443.1840855000384,3122.7013672749126,1.0,29.261123981787392
140.0,849.0,16.81910383297233,428.087983409998,3114.655074488928,1.0,25.452484725777733
510.0,959.0,5.340145677731964,580.1347913839231,5691.24123111135,0.0,108.63651038641977
525.0,425.0,16.303570233597682,383.1079352119874,2837.6364569992124,1.0,23.498407387020997
50.0,349.0,13.859503373361186,351.5540811870742,3160.441028208952,1.0,25.36556121215589
475.0,775.0,19.74446720429501,840.7283779713715,2809.5027704369336,1.0,42.58045402149358
80.0,519.0,10.640737494555864,358.8540444758122,3664.0198773058296,1.0,33.72454631640083
275.0,775.0,17.80432991963737,926.0340134571054,2960.4611866421287,1.0,52.01173072151015
200.0,99.0,9.412069807356598,467.4676081452795,4941.838285289673,0.0,49.666823314453175
800.0,559.0,14.867006534132722,233.50865570221248,2834.5233385933484,1.0,15.706501182070973
790.0,719.0,16.734040506409237,968.8415252288836,2881.7321986551487,1.0,57.89644914853717
230.0,49.0,8.658959801090086,545.179547135765,4980.53911178012,0.0,62.96132095071417
400.0,269.0,17.248556109966138,682.2973548326277,2935.857767935852,1.0,39.55678089706299
640.0,509.0,5.6682286145313165,491.9138524854685,6683.391534573595,0.0,86.78440584142581
40.0,509.0,11.850919361123925,316.74812403084127,3392.3581067788105,1.0,26.7277258733116
990.0,599.0,21.37289829116925,1108.2752715375354,2793.8742409463134,1.0,51.85423410710035
540.0,749.0,19.75464621057512,1146.5892095233016,2839.057443831863,1.0,58.0414955196467
575.0,675.0,17.73180015598834,16.162855481467773,2750.2756553560034,1.0,0.9115180263301859
670.0,589.0,15.880308333831945,645.6580493523591,2998.0961209333377,1.0,40.65777790830593
300.0,459.0,17.010667271146907,715.6541619679903,3036.9441483603923,1.0,42.07090471882111
850.0,399.0,13.152015427251964,560.5891810836139,3052.914738698181,1.0,42.62382325997208
410.0,239.0,17.46518443250594,1237.6306551240075,2976.68312527076,1.0,70.86273035975205
360.0,249.0,16.342425027592565,710.5043837220769,3089.417343710293,1.0,43.47606811856017
390.0,559.0,8.703835174395035,361.138783419984,5370.386585162612,0.0,41.4919143324753
380.0,609.0,6.290651101517469,7.399728576207536,5752.796832656061,0.0,1.176305672782032
470.0,549.0,6.905896926921315,211.62879050249097,5330.863932882821,0.0,30.644649455669793
0.0,859.0,12.478037548905874,619.7265862091517,3133.6359342496785,1.0,49.66538879052275
270.0,409.0,19.180678739835983,592.6387275455493,2955.925616702857,1.0,30.897693224729807
230.0,859.0,17.447064260647036,680.9348212615354,2897.7996439151498,1.0,39.02861886039058
760.0,439.0,5.077985702826791,504.1921645002588,6267.7747552229575,0.0,99.28979599520873
240.0,359.0,18.113517169011487,1273.2201384529812,2859.0311664419896,1.0,70.29116027400795
875.0,375.0,10.030219569581435,306.88246729190155,3300.164550562205,1.0,30.595787576034876
430.0,119.0,5.087372931497603,228.12105951752253,6109.211306791606,0.0,44.84064026545997
770.0,669.0,21.04275303020365,891.7191922005587,2610.111855015119,1.0,42.37654602136101
220.0,789.0,16.927560331800816,761.8835811985734,3117.9728132063265,1.0,45.008469399294796
120.0,779.0,11.5349085644063,604.0396427116762,3640.2314484857498,1.0,52.366227208387585
820.0,599.0,20.767593384270054,565.4666709271863,2676.452452240437,1.0,27.22831964513935
640.0,409.0,6.415237848164618,0.0,5867.048376473742,0.0,0.0
390.0,149.0,5.231993374078307,576.0690290924321,6223.131123108456,0.0,110.10507619266913
780.0,699.0,19.862606904274905,603.9868899650676,2708.3104250426422,1.0,30.40823860009409
140.0,89.0,12.70108065541,568.1105797762577,3184.830046887432,1.0,44.72931045708085
175.0,875.0,18.177729058858525,358.73801593562314,3217.8142637123,1.0,19.73502931934173
690.0,539.0,11.319720396498472,436.2026783968654,3314.90213168059,1.0,38.534757318899494
900.0,689.0,20.46832588027458,1056.1266236323245,2844.055329318664,1.0,51.598095018123516
640.0,199.0,15.164287235395514,670.7883077295446,3370.4399811625663,1.0,44.23474030245439
390.0,669.0,4.03375740351974,0.0,6571.247904710671,0.0,0.0
740.0,329.0,6.444478111404091,307.6610341998773,6032.720733179981,0.0,47.74025590302542
850.0,919.0,7.25018471586698,349.0424719339329,5385.390642773478,0.0,48.14256265361844
40.0,119.0,12.181191240489568,0.0,3573.942744092611,1.0,0.0
380.0,759.0,17.434514375500733,872.9353747708863,3013.7559389224702,1.0,50.06938283279914
990.0,989.0,15.840835114554318,598.9959537743803,3179.223581300006,1.0,37.81340752824527
40.0,309.0,8.848244147939663,87.77746540022906,5695.983244105306,0.0,9.920325878515488
160.0,599.0,8.947224441322767,193.6721877575528,5529.163120978372,0.0,21.646063427567274
650.0,719.0,22.72060742413841,961.2297753131048,2670.265359165581,1.0,42.30651748737548
40.0,449.0,14.9258292112957,213.03357411610392,3482.3940404093514,1.0,14.272813329183917
200.0,449.0,14.55327877202046,1259.61799404384,3209.479104661215,1.0,86.5521793250831
190.0,9.0,14.14510484943272,1119.0548637205663,3138.006358140185,1.0,79.11251812074376
990.0,739.0,5.970056502741528,884.7029178198944,5573.294117121929,0.0,148.19004098430682
690.0,309.0,7.233668279725994,0.0,5871.129891614055,0.0,0.0
680.0,249.0,5.931614815780651,409.1082666191628,5720.025601553909,0.0,68.97080800505768
150.0,909.0,16.18677396860528,1027.7858982456955,3023.1561181099405,1.0,63.495412998236475
60.0,439.0,13.763250891929893,0.0,3327.785246745473,1.0,0.0
360.0,899.0,15.973568871253605,549.9656939686356,2926.0707579883724,1.0,34.42973191534963
980.0,49.0,17.039441816134904,987.2451252663894,3170.1210699063568,1.0,57.938818414318725
860.0,729.0,6.139847742850389,564.7969852808149,5731.018230304985,0.0,91.98876078620984
910.0,449.0,13.270750471682028,435.3339129692924,3329.834906735185,1.0,32.80401616308253
270.0,279.0,4.216961308785543,347.0084581790811,6289.112938268456,0.0,82.28874603523863
380.0,289.0,16.7220330369539,496.4643797284772,2959.7985750568937,1.0,29.689235670767076
250.0,19.0,8.576973304992416,0.0,5069.529057714073,0.0,0.0
875.0,475.0,15.330315415196436,271.7038611812732,3110.333589042093,1.0,17.723305347777917
230.0,359.0,17.422797589998044,306.9341384425616,3046.187032440272,1.0,17.61681135633259
425.0,325.0,14.5190893449771,982.3712206765696,3071.927438648949,1.0,67.66066365012226
310.0,349.0,19.20242301978717,708.8343371304007,2886.451374468424,1.0,36.91379657660813
575.0,725.0,19.61198886338743,1005.9535633202192,2814.6318793466976,1.0,51.29278679115406
880.0,329.0,14.29305525993911,1064.1774536421144,3370.421985267806,1.0,74.45416212898962
910.0,549.0,17.053534925735367,75.47035629055591,2823.631732666946,1.0,4.425496333705228
660.0,79.0,4.399284373757295,233.2696912561204,6257.2315328783925,0.0,53.024462943933734
525.0,575.0,12.091765567949697,649.09237278712,3649.094339331484,1.0,53.6805290459482
850.0,429.0,13.023938666994166,180.83588398855267,3426.108226991933,1.0,13.884884489423683
420.0,439.0,15.953032515294082,806.6318105640535,3173.9833220497458,1.0,50.56291396577674
175.0,325.0,15.01300730570054,832.7939151059842,3145.256595162104,1.0,55.47149203009891
90.0,39.0,17.41875239386131,330.6721695622508,2960.242222895225,1.0,18.9836885033618
790.0,639.0,18.74255718865908,702.195787007889,2688.2291271376857,1.0,37.46531382776199
120.0,979.0,15.955588622350549,852.4062298579443,3053.9937832011105,1.0,53.423678062487504
470.0,699.0,16.732222779417214,639.5675433900267,2961.6415877045843,1.0,38.22370475348781
150.0,469.0,16.833590881582836,905.764169291548,3148.637953015262,1.0,53.806949192434004
60.0,719.0,7.3656161529374256,0.0,5687.704237316208,0.0,0.0
0.0,59.0,7.029213732129582,0.0,5395.721164436694,0.0,0.0
830.0,559.0,16.872673933351685,820.5084426062147,3011.8638604849275,1.0,48.629425652820885
520.0,979.0,6.461015546301381,0.0,5333.274339517112,0.0,0.0
800.0,769.0,8.075675890342787,674.3766209774838,5716.5854186508805,0.0,83.50714294811287
70.0,489.0,12.416591771980682,618.4763964748072,3497.418815293883,1.0,49.81048002805914
370.0,879.0,14.582025724785014,748.7495598435794,3066.346162045703,1.0,51.347431006854734
570.0,729.0,19.61198886338743,722.6131997057977,2814.6318793466976,1.0,36.84548286965457
810.0,569.0,16.01527628507831,522.557847905297,2734.3570982080755,1.0,32.62871264932048
200.0,959.0,14.753383800728178,312.0968124527068,2933.9639490930304,1.0,21.15425292720323
550.0,99.0,13.83569192009077,517.5196977072206,3334.151682982273,1.0,37.40468497681216
710.0,969.0,6.244481969410073,0.0,5934.140899313097,0.0,0.0
310.0,669.0,6.262948666805054,399.5043104207085,5433.994891988888,0.0,63.78853343284857
870.0,879.0,7.623847566777414,28.527738930906963,5571.974873078615,0.0,3.7419083580871733
760.0,549.0,15.264469798812392,453.0888820917816,3080.626905591152,1.0,29.682582366996648
150.0,259.0,15.082577485975886,739.9992380906228,3285.485789288384,1.0,49.06318159337756
925.0,975.0,14.37586285987341,479.6446298828541,3360.192378390704,1.0,33.36458023828684
475.0,75.0,5.083295900571224,717.5316120512521,5964.906461726059,0.0,141.1547991866106
50.0,189.0,9.433246964300048,0.0,5126.665111010315,0.0,0.0
390.0,619.0,6.423603189857671,193.33698676768373,5526.190757404076,0.0,30.097903163281718
780.0,479.0,6.103387471021248,124.91061798783284,5719.166979896962,0.0,20.465785366062
90.0,399.0,13.115367177956998,708.3260477287889,3340.118474336614,1.0,54.007336441123265
340.0,979.0,17.890714549476982,530.5735227456722,2958.8850052722905,1.0,29.65636287350988
230.0,209.0,4.099158934761989,69.80613786999093,5630.832845048727,0.0,17.02938065611845
870.0,709.0,17.525733136348133,1174.7444313891278,2808.6822869123016,1.0,67.02968841587139
470.0,369.0,18.22874630112453,244.98256667569095,2801.146787500067,1.0,13.439353569838095
125.0,975.0,15.955588622350549,787.5543929505893,3053.9937832011105,1.0,49.359156317641904
0.0,339.0,17.652011938650222,206.4504391489544,3144.8786974755,1.0,11.695575544956311
370.0,409.0,16.76947065254081,559.5306272040439,3007.907383331076,1.0,33.366027992020555
350.0,399.0,16.28012303901867,474.7799196379176,3206.572145600264,1.0,29.163165321294546
740.0,459.0,5.606882425531111,132.65416730073716,6286.8243290689325,0.0,23.659166936815428
70.0,889.0,13.049767940576874,76.71035818967476,3137.48122673164,1.0,5.878292896776502
75.0,125.0,7.630429570519958,923.48304051109,5524.480841548342,0.0,121.02635008636368
70.0,219.0,7.49497813791978,306.98244025760806,5820.529955782326,0.0,40.95841703719907
220.0,799.0,15.777988778549764,875.1331728189748,3108.556572159718,1.0,55.465445254259635
290.0,409.0,19.900112154254064,649.791948499512,2987.1006719334964,1.0,32.6526777066734
925.0,75.0,7.21872464521174,0.0,5536.752301209564,0.0,0.0
190.0,379.0,15.965574780988431,0.0,3175.345775541639,1.0,0.0
30.0,999.0,11.940672653736488,215.9957156575587,3212.598229839398,1.0,18.08907436968964
220.0,299.0,15.861177758864738,469.91961563764687,3038.3700790641133,1.0,29.62703166068554
180.0,799.0,15.198067245090668,304.44214049875256,2999.308684748861,1.0,20.031635311858125
625.0,225.0,13.940387919979372,439.4651811959195,3356.448015728996,1.0,31.524602021015337
800.0,609.0,19.38741061969548,504.77431558225067,2714.603278597176,1.0,26.036190468336983
25.0,275.0,6.462129749149204,901.878006699427,5604.405092835939,0.0,139.56358688374635
620.0,309.0,17.97950208578889,578.2392969280658,3043.344650602029,1.0,32.16102949731348
600.0,619.0,15.384560403537048,834.0875758180564,2991.993395481573,1.0,54.215886183286216
660.0,169.0,16.492283905547175,895.3279262435948,3133.79038186171,1.0,54.28768576694532
700.0,679.0,19.736262071245505,862.4446379157098,2647.99230767836,1.0,43.69847921568884
440.0,829.0,4.561198669551955,116.24486972165882,6197.978316813462,0.0,25.485596691423552
480.0,259.0,16.524827396623387,475.4289919931898,3179.362350605821,1.0,28.77058746709433
390.0,759.0,18.74504112689297,506.6549020474216,2875.735292558344,1.0,27.0287431549317
600.0,159.0,14.215048978210014,949.8979346894783,3436.483590850689,1.0,66.82340216664461
290.0,319.0,19.73688857186878,640.2200655610126,2762.3230893510017,1.0,32.437740286659256
350.0,99.0,6.241797095864607,503.2526362333723,5648.13731573678,0.0,80.6262408893095
130.0,649.0,8.740370396642478,469.9733436646253,5081.285960953055,0.0,53.7704150209882
375.0,375.0,17.195779399915423,183.12260834711088,2908.175056810452,1.0,10.64927643512405
570.0,209.0,15.123359612407487,878.4441689796183,3091.432922422276,1.0,58.08525297903558
475.0,725.0,18.704436523311173,799.1842460042503,2920.3851660335786,1.0,42.72698859483065
300.0,779.0,18.5878254558566,437.981826664023,2882.688641641221,1.0,23.56283297926197
430.0,769.0,18.947029621332632,793.6834530092744,2950.7834358420773,1.0,41.88959794075896
125.0,275.0,15.619289693404506,617.6769379024778,2998.106425759044,1.0,39.54577641026158
340.0,379.0,17.77378629938823,504.7307607073948,2952.8377629569195,1.0,28.397481110975633
625.0,575.0,13.50515815272432,718.7367277603668,3152.786754461253,1.0,53.219423247952115
220.0,359.0,18.54534737152037,474.7289236223877,3008.5648269915,1.0,25.59827616663666
130.0,389.0,13.101414496816703,605.8091269160032,3261.1133613294164,1.0,46.23997867277603
380.0,709.0,15.088790923665751,131.21537541319583,3278.5200746778764,1.0,8.696215361258227
530.0,679.0,17.073965637120914,577.2285335149783,2965.332050082302,1.0,33.80752578416885
675.0,475.0,5.068125218336106,0.0,6436.952615557574,0.0,0.0
975.0,325.0,13.47148475308752,182.28531912392293,3245.824568752601,1.0,13.531197374672832
380.0,409.0,16.372118113413624,942.4355323144666,3070.8048679411377,1.0,57.56344571826246
600.0,789.0,6.320442435532965,627.4824080949704,5724.54087777724,0.0,99.27824111921662
360.0,699.0,16.297220165758134,658.2147734749906,3206.98698599822,1.0,40.388162323410015
350.0,879.0,16.21280544017128,140.6774921694498,3017.6083139710795,1.0,8.676937047605971
325.0,875.0,14.982658847440648,80.87870189562994,2992.4711072372106,1.0,5.398154140674819
860.0,439.0,11.02455416847885,0.0,3623.1723712801618,1.0,0.0
150.0,379.0,11.767399408247982,466.9400329017993,3444.041049214052,1.0,39.680817885259565
560.0,399.0,15.577511366515257,876.199946122382,3055.497384391392,1.0,56.24774879033781
125.0,325.0,13.68423480754908,126.40722956690756,3266.707641160442,1.0,9.237435000543357
520.0,919.0,8.251350056066542,0.0,5667.1283296585,0.0,0.0
990.0,309.0,14.921889925750763,479.8250295588231,3040.125029836613,1.0,32.15578133509665
75.0,925.0,15.368993691021672,822.7351283981259,3293.600840153169,1.0,53.53214042105795
70.0,89.0,13.331820920876943,552.6758702161042,3648.427318872637,1.0,41.45539259011815
460.0,449.0,15.687106342005706,450.45172815207945,3005.1810370460976,1.0,28.71477494519783
230.0,559.0,7.508400573042676,315.9153830248682,5507.985289808224,0.0,42.07492394040557
220.0,619.0,9.484522470612957,739.463226564987,5075.382496655583,0.0,77.96525643290481
475.0,375.0,16.85915794420014,667.3857659368264,2793.795864871275,1.0,39.585948962914806
490.0,79.0,5.3686685375617085,0.0,6115.310427658356,0.0,0.0
810.0,299.0,17.91889287823212,457.9077116658471,2795.3155254491203,1.0,25.554464484918796
230.0,109.0,9.249348964676038,0.0,5113.061188174729,0.0,0.0
390.0,969.0,16.588022944802418,1015.5170076194272,2929.296083441107,1.0,61.21989407650431
990.0,429.0,13.132660458821752,701.2023420720188,3504.4719214633383,1.0,53.39377685661493
775.0,575.0,19.45160404023912,847.1558191492528,2736.540158796306,1.0,43.55197737917961
725.0,625.0,21.13057695723032,877.485610689923,2682.022035004998,1.0,41.52681739197238
980.0,719.0,13.904994282298532,209.385870464734,3572.6975889385835,1.0,15.058321219972626
925.0,675.0,19.49781911736521,677.3044984480407,2947.847747278309,1.0,34.73744906397339
530.0,349.0,16.116632114069215,980.5872477233626,2828.5933115112643,1.0,60.84318614354588
625.0,125.0,12.295126951341247,710.8213239883677,3407.047198804096,1.0,57.8132561625015
860.0,339.0,13.571528959296812,597.2809402496666,3350.799955238485,1.0,44.00984900382321
90.0,769.0,9.02899991585099,229.8249641910109,3675.058258290383,1.0,25.4540886402644
220.0,289.0,14.25150333821186,986.0274614684428,3117.230528385272,1.0,69.18761046244542
950.0,699.0,13.960031717377175,77.18056266489839,3118.621887967406,1.0,5.528681039372248
10.0,359.0,14.074810480730594,834.5658314207153,3052.7654241807554,1.0,59.29499601883057
110.0,19.0,16.031917327447438,154.59582333279184,2930.521706184541,1.0,9.643002778470926
280.0,809.0,18.55835050829008,410.8860298424656,2885.922210643889,1.0,22.14022359686123
875.0,525.0,14.120279806530757,471.9069298177777,3057.5766706924724,1.0,33.420508395273906
130.0,319.0,15.653394012638536,390.35863781632287,3311.120014221117,1.0,24.93763572942377
725.0,175.0,6.235555047849585,78.53842486364005,6490.134407983078,0.0,12.595258042140944
400.0,339.0,15.15526171972582,213.5959120083086,3039.370637656184,1.0,14.09384515810083
200.0,939.0,16.19162553848841,308.74920187483104,3031.1121763452297,1.0,19.06844999230724
575.0,975.0,5.065172685198689,991.3400484299008,5773.555919669786,0.0,195.7169301111427
640.0,549.0,12.528706483188012,152.195454040396,3422.610039733164,1.0,12.14773881442778
125.0,675.0,9.419480131522084,200.1290420906286,5316.659410088555,0.0,21.246293775906075
730.0,789.0,16.07005089235058,585.3244190115141,3158.5990013696296,1.0,36.42330835990889
900.0,79.0,7.047171876710921,0.0,5803.352544339067,0.0,0.0
75.0,475.0,11.139938977901142,861.4351460646425,3592.4563835233366,1.0,77.32853364578699
100.0,559.0,12.340008942796976,1087.3384727206485,3553.851314587524,1.0,88.11488531013927
625.0,525.0,12.135811386422604,522.7978515749583,3413.684553900856,1.0,43.07893678702506
40.0,49.0,12.876672873009229,352.8330222885985,3451.1684316634387,1.0,27.400946328936506
